{"cameraMode":{"drawMode":0,"name":"Shaded","section":"Shading Mode"},"sceneLighting":true,"audioPlay":false,"sceneViewState":{"showFog":true,"showMaterialUpdate":false,"showSkybox":true,"showFlares":true,"showImageEffects":true,"showParticleSystems":true},"in2DMode":false,"pivot":{"x":2.946296215057373,"y":0.6465227007865906,"z":98.04000091552735},"rotation":{"x":0.005999795161187649,"y":0.0074997940100729469,"z":-0.00004499930946622044,"w":0.9999538660049439},"size":6.411223411560059,"orthographic":true}